First Name,Last Name,Country,age
Bob,Smith,United States,24
Alice,Williams,Canada,23
Malcolm,Jone,England,22
Felix,Brown,USA,23
Alex,Cooper,Poland,23
Tod,Campbell,United States,22
Derek,Ward,Switzerland,25
Alexandra,Sanchez,Mexico,21
Martin,Silva,Portugal,27
Karl,Schmidt,Germainy,20
John,Smith,England,29
Jane,Johnson,USA,24
Ewa,Roszkowski,Poland,23
Sam,Sanders,United States,22
Gustav,Gustaffson,Switzerland,23
Jose,Martinez,Mexico,23
Diogo,Santos,Portugal,22
Maria,Sousa,Brazil,23
Sandra,Filva,Portugal,22
Karla,Oliveira,Brazil,21
Mario,Diaz,Brasil,28
Hillary,Meier,Switzerland,24
Jinglan,Shih,USA,27
Hoy,Jenson,United States,22
Miles,Ruiz,Brazil,21
Carlos,Alonso,Brazil,28
Steve,Gold,United States,24
Elizabeth,Gould,England,20
Susan,Sarason,USA,21
Eric,Nowicki,Poland,28
Erin,Taylor,United States,24
Maricota,Forres,Brazil,23
Natalia,Lisowski,Poland,22
Gabriela,Costa,Portugal,23
Joana,Sanchez,Mexico,21
Chase,Gray,Unisted States,27
Luca,Meier,Switzerland,25
Charles,Murphy,Canada,23
Elizabeth,Taylor,Englanf,24
Katie,Huges,USA,24
Sam,Nowak,Poland,20
Paige,Tucker,United States,21
Nina,Smith,Switzerland,28